period,date,n1,n2,n3,n4,n5,n6,second_zone
111000001,2022-01-03,8,14,18,27,30,35,1
111000002,2022-01-06,3,5,8,12,30,31,2
111000003,2022-01-10,1,6,14,15,28,34,6
111000004,2022-01-13,1,8,17,18,26,31,7
111000005,2022-01-17,13,15,21,22,23,28,4
111000006,2022-01-20,2,5,9,23,29,38,2
111000007,2022-01-24,6,11,14,28,31,37,7
111000008,2022-01-27,12,16,19,24,25,38,8
111000009,2022-01-31,3,7,18,21,23,37,6
111000010,2022-02-03,11,13,19,22,27,28,3
111000011,2022-02-07,9,13,21,27,35,38,2
111000012,2022-02-10,6,10,22,23,30,34,1
111000013,2022-02-14,4,8,19,29,30,36,4
111000014,2022-02-17,8,19,21,27,28,37,2
111000015,2022-02-21,5,13,16,28,36,37,1
111000016,2022-02-24,1,4,18,24,25,32,5
111000017,2022-02-28,7,14,27,28,30,32,6
111000018,2022-03-03,16,18,21,22,23,30,4
111000019,2022-03-07,3,12,19,26,28,31,2
111000020,2022-03-10,5,21,25,27,30,35,4
111000021,2022-03-14,4,8,12,14,15,17,3
111000022,2022-03-17,6,8,12,21,29,32,3
111000023,2022-03-21,1,10,11,20,23,24,4
111000024,2022-03-24,8,12,15,20,29,34,4
111000025,2022-03-28,3,4,12,21,25,30,7
111000026,2022-03-31,8,11,29,31,36,38,7
111000027,2022-04-04,10,13,19,25,26,38,2
111000028,2022-04-07,1,15,21,31,37,38,5
111000029,2022-04-11,1,4,5,26,35,38,4
111000030,2022-04-14,9,12,27,28,31,33,2
111000031,2022-04-18,1,5,8,9,22,38,3
111000032,2022-04-21,1,18,28,31,33,35,3
111000033,2022-04-25,2,3,25,26,36,38,1
111000034,2022-04-28,3,12,22,23,29,36,6
111000035,2022-05-02,3,12,20,25,28,35,2
111000036,2022-05-05,6,10,19,23,34,38,3
111000037,2022-05-09,3,12,16,17,21,34,6
111000038,2022-05-12,1,2,13,21,26,34,6
111000039,2022-05-16,3,5,15,17,29,31,6
111000040,2022-05-19,17,19,20,26,27,38,5
111000041,2022-05-23,14,15,17,24,27,31,2
111000042,2022-05-26,9,13,17,25,32,35,1
111000043,2022-05-30,1,2,8,27,32,33,5
111000044,2022-06-02,2,14,16,34,36,37,8
111000045,2022-06-06,4,12,13,27,29,32,7
111000046,2022-06-09,3,6,11,12,22,28,5
111000047,2022-06-13,12,17,24,31,35,36,3
111000048,2022-06-16,7,16,17,22,25,32,7
111000049,2022-06-20,3,4,11,17,19,26,5
111000050,2022-06-23,1,2,17,32,33,35,4
111000051,2022-06-27,4,8,21,29,30,32,6
111000052,2022-06-30,1,7,12,17,19,31,7
111000053,2022-07-04,2,5,8,10,20,25,7
111000054,2022-07-07,1,3,7,20,28,37,1
111000055,2022-07-11,5,11,17,19,23,37,7
111000056,2022-07-14,1,6,7,8,10,30,7
111000057,2022-07-18,7,10,15,17,30,33,8
111000058,2022-07-21,6,11,15,23,27,37,6
111000059,2022-07-25,8,9,14,17,25,29,1
111000060,2022-07-28,13,15,17,20,31,35,5
111000061,2022-08-01,5,7,10,21,25,31,2
111000062,2022-08-04,11,20,24,29,33,35,6
111000063,2022-08-08,2,8,12,17,32,36,3
111000064,2022-08-11,5,14,16,33,35,38,4
111000065,2022-08-15,7,10,12,16,18,28,1
111000066,2022-08-18,4,5,16,28,29,35,4
111000067,2022-08-22,2,4,9,19,22,30,2
111000068,2022-08-25,8,11,13,27,28,38,5
111000069,2022-08-29,4,10,12,21,27,29,4
111000070,2022-09-01,3,9,16,21,23,24,3
111000071,2022-09-05,7,17,21,25,31,38,3
111000072,2022-09-08,2,6,18,21,30,38,4
111000073,2022-09-12,2,4,14,16,23,29,4
111000074,2022-09-15,2,9,28,29,31,36,1
111000075,2022-09-19,7,13,25,27,31,38,3
111000076,2022-09-22,16,19,26,30,31,36,2
111000077,2022-09-26,3,10,14,16,17,20,5
111000078,2022-09-29,1,10,17,22,27,35,1
111000079,2022-10-03,1,7,17,18,23,28,5
111000080,2022-10-06,10,15,21,23,26,36,4
111000081,2022-10-10,6,13,21,24,27,33,1
111000082,2022-10-13,1,9,17,19,21,24,5
111000083,2022-10-17,1,13,18,27,32,33,6
111000084,2022-10-20,2,6,9,10,24,33,2
111000085,2022-10-24,7,9,15,27,29,30,4
111000086,2022-10-27,12,16,20,22,29,36,5
111000087,2022-10-31,2,10,20,25,29,36,6
111000088,2022-11-03,1,6,11,16,29,35,1
111000089,2022-11-07,7,9,10,17,18,22,8
111000090,2022-11-10,9,12,19,31,32,35,8
111000091,2022-11-14,10,15,17,21,29,30,5
111000092,2022-11-17,3,12,20,28,32,34,8
111000093,2022-11-21,15,19,23,25,26,35,2
111000094,2022-11-24,8,10,11,23,32,37,6
111000095,2022-11-28,4,7,9,13,19,36,7
111000096,2022-12-01,5,6,12,15,17,20,8
111000097,2022-12-05,14,16,22,26,30,35,2
111000098,2022-12-08,8,12,14,15,21,25,4
111000099,2022-12-12,6,12,20,24,25,26,4
111000100,2022-12-15,7,16,21,23,29,34,3
111000101,2022-12-19,1,3,7,11,13,20,5
111000102,2022-12-22,13,19,23,33,36,37,4
111000103,2022-12-26,4,9,14,21,29,31,6
111000104,2022-12-29,2,19,21,28,29,35,4
112000001,2023-01-02,3,4,5,27,28,35,8
112000002,2023-01-05,4,11,15,18,25,36,5
112000003,2023-01-09,9,10,17,24,31,37,3
112000004,2023-01-12,4,8,20,22,34,36,3
112000005,2023-01-16,3,11,13,17,23,38,8
112000006,2023-01-19,3,10,14,15,25,33,8
112000007,2023-01-23,7,15,17,23,33,38,1
112000008,2023-01-26,3,11,22,23,28,36,7
112000009,2023-01-30,10,11,23,27,28,34,3
112000010,2023-02-02,9,14,15,20,35,38,5
112000011,2023-02-06,4,6,9,11,23,26,5
112000012,2023-02-09,1,2,24,27,33,37,2
112000013,2023-02-13,8,10,15,18,23,28,5
112000014,2023-02-16,5,6,18,25,32,38,1
112000015,2023-02-20,2,8,16,22,24,27,8
112000016,2023-02-23,10,19,26,30,33,34,4
112000017,2023-02-27,1,3,6,10,17,20,8
112000018,2023-03-02,3,12,18,26,27,34,4
112000019,2023-03-06,2,13,17,20,25,28,6
112000020,2023-03-09,17,25,29,35,37,38,7
112000021,2023-03-13,10,11,16,21,30,34,3
112000022,2023-03-16,3,6,16,21,22,23,1
112000023,2023-03-20,6,9,20,29,36,38,3
112000024,2023-03-23,2,10,11,12,33,36,6
112000025,2023-03-27,9,12,18,22,28,30,5
112000026,2023-03-30,1,12,17,26,33,38,5
112000027,2023-04-03,17,19,22,26,34,35,5
112000028,2023-04-06,5,8,15,21,24,26,5
112000029,2023-04-10,4,6,19,23,29,34,7
112000030,2023-04-13,4,12,24,26,28,34,7
112000031,2023-04-17,9,15,25,29,30,36,8
112000032,2023-04-20,3,15,19,32,37,38,3
112000033,2023-04-24,2,13,14,17,20,28,7
112000034,2023-04-27,7,15,25,33,36,38,7
112000035,2023-05-01,1,7,14,25,29,32,3
112000036,2023-05-04,2,5,15,22,33,36,5
112000037,2023-05-08,3,5,16,17,26,29,2
112000038,2023-05-11,7,11,13,23,25,34,3
112000039,2023-05-15,2,3,4,7,20,29,1
112000040,2023-05-18,7,12,14,24,26,31,4
112000041,2023-05-22,15,18,19,30,31,38,2
112000042,2023-05-25,6,9,12,19,20,38,2
112000043,2023-05-29,1,2,9,18,24,25,3
112000044,2023-06-01,10,18,25,29,36,37,2
112000045,2023-06-05,4,11,28,32,34,35,1
112000046,2023-06-08,3,8,12,18,35,38,3
112000047,2023-06-12,1,2,16,18,35,38,1
112000048,2023-06-15,2,24,25,26,34,36,8
112000049,2023-06-19,4,8,12,20,27,36,1
112000050,2023-06-22,1,4,7,17,24,28,8
112000051,2023-06-26,1,15,16,17,24,35,6
112000052,2023-06-29,1,8,26,27,29,36,2
112000053,2023-07-03,5,7,10,21,25,29,4
112000054,2023-07-06,7,21,25,26,30,36,4
112000055,2023-07-10,14,17,18,21,32,35,2
112000056,2023-07-13,1,18,19,20,23,29,6
112000057,2023-07-17,3,16,19,24,25,37,8
112000058,2023-07-20,5,10,17,27,34,35,5
112000059,2023-07-24,5,8,17,30,32,38,4
112000060,2023-07-27,6,7,16,25,32,33,2
112000061,2023-07-31,23,24,26,33,35,37,1
112000062,2023-08-03,17,18,21,25,27,33,4
112000063,2023-08-07,3,27,29,31,33,37,2
112000064,2023-08-10,3,11,21,29,30,38,3
112000065,2023-08-14,2,3,4,10,17,26,2
112000066,2023-08-17,4,18,21,23,28,37,6
112000067,2023-08-21,1,12,14,19,33,34,4
112000068,2023-08-24,3,10,17,21,23,38,3
112000069,2023-08-28,3,6,8,15,24,38,5
112000070,2023-08-31,4,22,23,27,30,34,7
112000071,2023-09-04,1,3,12,24,27,30,8
112000072,2023-09-07,11,15,18,20,22,33,7
112000073,2023-09-11,11,12,20,27,28,31,1
112000074,2023-09-14,2,14,24,26,28,29,7
112000075,2023-09-18,1,4,11,14,21,22,1
112000076,2023-09-21,3,7,12,13,28,34,5
112000077,2023-09-25,20,25,26,30,32,35,3
112000078,2023-09-28,9,16,17,25,29,33,7
112000079,2023-10-02,3,7,13,25,28,32,3
112000080,2023-10-05,4,15,20,25,29,30,2
112000081,2023-10-09,6,7,8,17,20,22,8
112000082,2023-10-12,8,14,20,23,27,35,8
112000083,2023-10-16,5,7,20,25,31,32,8
112000084,2023-10-19,4,7,19,22,26,28,1
112000085,2023-10-23,6,10,11,30,32,35,8
112000086,2023-10-26,27,28,30,31,36,38,8
112000087,2023-10-30,3,7,10,11,30,33,6
112000088,2023-11-02,9,15,20,28,36,37,7
112000089,2023-11-06,11,15,22,30,33,38,5
112000090,2023-11-09,3,5,8,23,24,26,5
112000091,2023-11-13,1,12,16,23,25,28,7
112000092,2023-11-16,1,4,7,28,35,37,2
112000093,2023-11-20,7,11,13,15,30,38,7
112000094,2023-11-23,6,8,13,22,25,37,7
112000095,2023-11-27,2,11,23,24,25,29,1
112000096,2023-11-30,2,13,21,28,33,35,2
112000097,2023-12-04,2,9,14,20,22,31,5
112000098,2023-12-07,4,9,16,17,18,33,1
112000099,2023-12-11,9,19,21,23,26,32,5
112000100,2023-12-14,4,16,17,19,32,35,5
112000101,2023-12-18,5,18,20,24,31,36,2
112000102,2023-12-21,3,10,13,34,37,38,4
112000103,2023-12-25,5,7,16,19,20,32,2
112000104,2023-12-28,7,8,18,20,23,31,8
113000001,2024-01-01,11,16,17,18,28,35,4
113000002,2024-01-04,2,3,6,12,24,28,5
113000003,2024-01-08,1,3,16,20,29,33,1
113000004,2024-01-11,4,10,16,17,22,34,5
113000005,2024-01-15,10,15,21,27,29,35,8
113000006,2024-01-18,2,4,6,14,31,34,3
113000007,2024-01-22,9,12,14,17,27,31,6
113000008,2024-01-25,3,10,11,17,26,29,1
113000009,2024-01-29,6,15,22,25,32,36,3
113000010,2024-02-01,4,13,21,23,25,29,7
113000011,2024-02-05,1,16,18,21,30,38,6
113000012,2024-02-08,10,15,20,24,25,34,2
113000013,2024-02-12,2,18,21,28,30,35,8
113000014,2024-02-15,2,7,17,22,32,33,4
113000015,2024-02-19,5,6,18,26,33,38,5
113000016,2024-02-22,4,13,14,17,24,25,4
113000017,2024-02-26,4,7,11,12,35,37,8
113000018,2024-02-29,1,2,11,17,24,29,4
113000019,2024-03-04,3,5,10,24,37,38,7
113000020,2024-03-07,3,11,13,17,20,27,2
113000021,2024-03-11,5,11,14,26,30,33,3
113000022,2024-03-14,2,11,12,15,21,30,6
113000023,2024-03-18,2,10,11,19,23,35,1
113000024,2024-03-21,1,8,16,17,26,38,7
113000025,2024-03-25,2,15,16,23,24,38,5
113000026,2024-03-28,2,9,15,19,24,31,4
113000027,2024-04-01,3,9,27,35,36,37,2
113000028,2024-04-04,3,14,17,22,24,33,1
113000029,2024-04-08,5,6,8,11,18,23,5
113000030,2024-04-11,11,12,14,25,30,36,3
113000031,2024-04-15,6,7,8,14,27,36,7
113000032,2024-04-18,2,16,18,21,34,37,5
113000033,2024-04-22,2,14,19,22,31,35,1
113000034,2024-04-25,3,20,31,34,36,37,7
113000035,2024-04-29,8,19,25,30,31,35,7
113000036,2024-05-02,13,17,24,26,33,35,6
113000037,2024-05-06,4,13,25,30,31,34,7
113000038,2024-05-09,10,14,22,29,35,37,7
113000039,2024-05-13,15,20,23,26,33,35,7
113000040,2024-05-16,1,2,10,13,18,30,1
113000041,2024-05-20,1,5,7,19,32,33,3
113000042,2024-05-23,4,8,14,21,25,37,3
113000043,2024-05-27,1,4,20,26,29,33,4
113000044,2024-05-30,6,7,16,21,27,31,6
113000045,2024-06-03,3,4,11,22,35,36,3
113000046,2024-06-06,5,13,17,25,33,38,1
113000047,2024-06-10,5,11,15,26,28,29,7
113000048,2024-06-13,2,5,15,18,32,35,3
113000049,2024-06-17,5,22,28,29,30,31,8
113000050,2024-06-20,10,11,24,27,30,36,7
113000051,2024-06-24,7,13,16,22,25,26,8
113000052,2024-06-27,2,11,14,15,17,29,1
113000053,2024-07-01,2,3,12,17,30,33,5
113000054,2024-07-04,21,23,24,25,30,38,1
113000055,2024-07-08,10,11,13,30,32,37,5
113000056,2024-07-11,9,10,12,15,29,36,4
113000057,2024-07-15,1,4,11,19,25,33,2
113000058,2024-07-18,8,12,19,23,28,31,5
113000059,2024-07-22,11,14,17,31,32,38,8
113000060,2024-07-25,4,11,23,27,32,38,7
113000061,2024-07-29,3,6,11,27,28,30,1
113000062,2024-08-01,3,13,25,26,31,34,5
113000063,2024-08-05,2,7,14,15,29,35,3
113000064,2024-08-08,2,3,21,29,34,37,8
113000065,2024-08-12,2,9,10,17,20,30,4
113000066,2024-08-15,4,6,14,16,20,24,2
113000067,2024-08-19,6,10,17,21,22,29,6
113000068,2024-08-22,5,15,19,20,31,34,2
113000069,2024-08-26,15,18,25,26,29,30,1
113000070,2024-08-29,9,24,25,31,32,38,3
113000071,2024-09-02,9,16,24,27,31,37,4
113000072,2024-09-05,10,14,16,25,28,38,4
113000073,2024-09-09,7,21,22,27,31,36,7
113000074,2024-09-12,10,12,21,27,33,38,8
113000075,2024-09-16,8,14,17,23,25,26,4
113000076,2024-09-19,3,8,16,24,26,30,4
113000077,2024-09-23,4,13,14,23,24,29,8
113000078,2024-09-26,3,6,9,11,18,29,3
113000079,2024-09-30,3,9,13,14,17,33,5
113000080,2024-10-03,11,17,18,19,30,36,8
113000081,2024-10-07,9,21,22,27,29,36,5
113000082,2024-10-10,2,8,14,20,23,37,8
113000083,2024-10-14,6,10,22,23,25,27,8
113000084,2024-10-17,2,3,5,10,25,30,6
113000085,2024-10-21,4,6,13,19,23,38,7
113000086,2024-10-24,8,10,20,28,29,33,2
113000087,2024-10-28,9,11,23,33,35,37,2
113000088,2024-10-31,4,8,12,14,17,37,4
113000089,2024-11-04,1,7,14,20,22,23,1
113000090,2024-11-07,5,21,26,28,34,38,6
113000091,2024-11-11,3,8,9,17,28,33,2
113000092,2024-11-14,6,15,22,23,31,37,5
113000093,2024-11-18,8,9,13,21,36,38,8
113000094,2024-11-21,8,12,13,16,18,27,6
113000095,2024-11-25,7,14,19,25,33,37,3
113000096,2024-11-28,20,25,32,33,34,36,7
113000097,2024-12-02,8,21,22,36,37,38,5
113000098,2024-12-05,10,14,19,30,33,38,3
113000099,2024-12-09,13,18,26,30,31,36,5
113000100,2024-12-12,11,14,17,23,25,30,8
113000101,2024-12-16,3,19,27,30,36,37,7
113000102,2024-12-19,6,8,9,18,23,38,5
113000103,2024-12-23,15,16,18,25,34,37,4
113000104,2024-12-26,13,15,18,28,35,37,4
113000105,2024-12-30,6,8,12,16,23,31,1
114000001,2025-01-02,4,12,13,22,27,32,5
114000002,2025-01-06,4,14,17,29,31,38,7
114000003,2025-01-09,1,4,15,16,31,34,4
114000004,2025-01-13,3,13,22,26,28,33,2
114000005,2025-01-16,10,16,19,21,31,37,3
114000006,2025-01-20,8,11,13,27,29,37,2
114000007,2025-01-23,7,10,13,22,25,29,2
114000008,2025-01-27,2,10,15,18,25,35,8
114000009,2025-01-30,3,17,20,21,24,37,6
114000010,2025-02-03,4,7,15,31,33,36,6
114000011,2025-02-06,6,18,21,32,33,37,1
114000012,2025-02-10,6,7,8,13,14,24,4
114000013,2025-02-13,2,3,11,18,30,36,7
114000014,2025-02-17,1,17,21,23,31,34,1
114000015,2025-02-20,5,6,15,19,32,37,8
114000016,2025-02-24,7,15,16,23,24,35,2
114000017,2025-02-27,1,7,8,24,26,34,2
114000018,2025-03-03,12,15,20,23,26,32,5
114000019,2025-03-06,5,9,15,17,18,29,4
114000020,2025-03-10,13,16,17,20,27,31,2
114000021,2025-03-13,3,4,13,16,24,25,7
114000022,2025-03-17,1,2,3,12,18,28,4
114000023,2025-03-20,1,3,12,18,31,38,8
114000024,2025-03-24,3,17,22,24,25,33,3
114000025,2025-03-27,7,8,21,26,32,35,2
114000026,2025-03-31,2,6,7,9,12,20,4
114000027,2025-04-03,2,9,15,21,29,36,7
114000028,2025-04-07,13,21,24,25,31,36,4
114000029,2025-04-10,9,16,20,23,29,34,4
114000030,2025-04-14,1,5,9,20,29,38,2
114000031,2025-04-17,1,2,3,5,17,27,8
114000032,2025-04-21,5,9,20,29,35,36,8
114000033,2025-04-24,7,17,25,29,36,37,5
114000034,2025-04-28,2,14,17,19,29,32,5
114000035,2025-05-01,14,19,20,25,27,30,4
114000036,2025-05-05,7,8,9,11,19,35,4
114000037,2025-05-08,5,8,9,17,31,37,1
114000038,2025-05-12,2,8,26,34,35,38,4
114000039,2025-05-15,1,2,8,21,23,26,1
114000040,2025-05-19,10,15,22,27,29,37,3
114000041,2025-05-22,6,12,21,25,34,38,3
114000042,2025-05-26,13,14,17,23,24,37,6
114000043,2025-05-29,5,6,9,20,22,35,7
114000044,2025-06-02,1,5,16,18,21,31,2
114000045,2025-06-05,12,16,20,22,34,35,5
114000046,2025-06-09,3,7,9,19,24,31,2
114000047,2025-06-12,5,12,13,15,26,38,5
114000048,2025-06-16,4,11,12,18,21,26,3
114000049,2025-06-19,1,7,20,21,36,38,6
114000050,2025-06-23,6,11,20,31,32,33,6
114000051,2025-06-26,1,7,15,23,26,38,4
114000052,2025-06-30,1,3,9,15,22,27,5
114000053,2025-07-03,11,14,20,27,30,38,6
114000054,2025-07-07,7,9,14,23,37,38,3
114000055,2025-07-10,1,2,7,14,28,31,2
114000056,2025-07-14,3,6,19,22,37,38,4
114000057,2025-07-17,1,4,6,21,25,28,2
114000058,2025-07-21,10,18,20,24,36,38,4
114000059,2025-07-24,3,4,7,10,33,38,5
114000060,2025-07-28,12,16,18,22,24,36,5
114000061,2025-07-31,4,9,18,20,29,31,3
114000062,2025-08-04,15,16,22,27,30,32,1
114000063,2025-08-07,2,4,7,8,18,25,7
114000064,2025-08-11,3,5,9,16,18,19,2
114000065,2025-08-14,1,11,14,17,19,36,3
114000066,2025-08-18,2,5,8,17,20,26,6
114000067,2025-08-21,2,4,11,12,16,19,2
114000068,2025-08-25,1,12,14,21,36,37,3
114000069,2025-08-28,9,13,14,17,23,30,5
114000070,2025-09-01,2,7,16,18,28,29,4
114000071,2025-09-04,6,7,9,11,21,38,8
114000072,2025-09-08,7,8,14,15,25,36,6
114000073,2025-09-11,11,18,21,27,31,35,6
114000074,2025-09-15,4,16,20,33,34,38,2
114000075,2025-09-18,10,20,25,28,32,36,2
114000076,2025-09-22,10,11,14,22,31,33,2
114000077,2025-09-25,8,12,14,24,28,35,3
114000078,2025-09-29,12,16,17,20,27,36,3
114000079,2025-10-02,3,5,12,24,27,30,7
114000080,2025-10-06,5,6,9,14,15,37,5
114000081,2025-10-09,1,6,11,20,34,35,8
114000082,2025-10-13,4,6,8,18,24,28,1
114000083,2025-10-16,8,9,13,16,26,35,2
114000084,2025-10-20,8,12,19,22,24,32,5
114000085,2025-10-23,5,9,11,21,32,35,8
114000086,2025-10-27,1,11,16,20,27,36,6
114000087,2025-10-30,13,14,17,20,21,24,2
114000088,2025-11-03,4,18,20,30,32,35,4
114000089,2025-11-06,11,18,20,25,29,37,8
114000090,2025-11-10,6,12,28,29,31,32,4
114000091,2025-11-13,2,9,11,15,26,34,4
114000092,2025-11-17,17,18,19,28,34,36,6
114000093,2025-11-20,3,8,17,20,31,35,7
114000094,2025-11-24,7,9,19,20,33,34,7
114000095,2025-11-27,4,9,16,26,33,35,2
114000096,2025-12-01,5,7,8,11,32,37,2
114000097,2025-12-04,3,6,7,10,29,33,1
114000098,2025-12-08,5,14,15,20,32,37,2
114000099,2025-12-11,5,6,11,15,22,37,7
114000100,2025-12-15,19,26,28,31,32,34,6
114000101,2025-12-18,8,15,16,21,29,37,5
114000102,2025-12-22,5,16,21,25,32,34,8
114000103,2025-12-25,6,12,21,22,28,34,8
114000104,2025-12-29,1,3,9,11,18,32,6
